categoria,nome,codigo,preco,estoque,promocao,imagem_url,descricao
Luminária Pública SMD,Luminária SMD 50W Driver,30003,46.0,1,0,imgs/products/prod_0.jpg,
Luminária Pública SMD,Luminária SMD 100W Driver,19583,65.0,0,0,imgs/products/prod_1.jpg,
Luminária Pública SMD,Luminária SMD 150W Driver,30005,99.0,1,0,imgs/products/prod_2.jpg,
Luminária Pública SMD,Luminária SMD 200W Driver,30006,125.0,1,0,imgs/products/prod_3.jpg,
Luminária Pública SMD,Luminária SMD 50W DOB,30003,40.0,1,0,imgs/products/prod_4.jpg,
Luminária Pública SMD,Luminária SMD 100W DOB,30004,60.0,1,0,imgs/products/prod_5.jpg,
Luminária Pública SMD,Luminária SMD 150W DOB,30005,90.0,1,0,imgs/products/prod_6.jpg,
Luminária Pública SMD,Luminária SMD 200W DOB,30006,110.0,1,0,imgs/products/prod_7.jpg,
Luminária Pública SMD,Luminária SMD 300W DOB,19446,165.0,1,0,imgs/products/prod_8.jpg,
Luminária Pública SMD,Luminária SMD 200W Driver,19110,135.0,1,0,imgs/products/prod_9.jpg,
Luminária Pública SMD,Luminária SMD 50W DOB,19302,35.0,1,0,imgs/products/prod_10.jpg,
Luminária Pública SMD,Luminária SMD 100W DOB,19303,48.0,1,0,imgs/products/prod_11.jpg,
Luminária Pública SMD,Luminária SMD 150W DOB,19304,65.0,1,0,imgs/products/prod_12.jpg,
Luminária Pública SMD,Luminária SMD 200W DOB,19305,80.0,1,0,imgs/products/prod_13.jpg,
Luminária com Relé,Luminária SMD Relé 50W Driver,19200,115.0,0,0,imgs/products/prod_14.jpg,
Luminária com Relé,Luminária SMD Relé 100W Driver,19201,175.0,1,0,imgs/products/prod_15.jpg,
Luminária com Relé,Luminária SMD Relé 150W Driver,19202,215.0,1,0,imgs/products/prod_16.jpg,
Luminária com Relé,Luminária SMD Relé 200W Driver,19203,275.0,1,0,imgs/products/prod_17.jpg,
Luminária com Relé,Luminária SMD Relé 50W Driver,18070,75.0,1,0,imgs/products/prod_18.jpg,
Luminária com Relé,Luminária SMD Relé 100W Driver,18071,102.0,1,0,imgs/products/prod_19.jpg,
Luminária com Relé,Luminária SMD Relé 150W Driver,18072,129.0,1,0,imgs/products/prod_20.jpg,
Luminária com Relé,Luminária SMD Relé 200W Driver,18073,175.0,1,0,imgs/products/prod_21.jpg,
Luminária com Relé,Luminária COB Relé 50W Driver,19208,65.0,0,0,imgs/products/prod_22.jpg,
Luminária com Relé,Luminária COB Relé 100W Driver,19209,110.0,1,0,imgs/products/prod_23.jpg,
Luminária com Relé,Luminária COB Relé 150W Driver,81898/19210,148.0,1,0,imgs/products/prod_24.jpg,
Luminária com Relé,Luminária COB Relé 200W Driver,19211,185.0,1,0,imgs/products/prod_25.jpg,
Luminária Pública SMD,Luminária 100W DOB,19254,35.0,1,1,imgs/products/prod_26.jpg,
Luminária Pública SMD,Luminária 150W DOB,19255,50.0,1,1,imgs/products/prod_27.jpg,
Luminária Pública SMD,Luminária 200W DOB,19256,65.0,1,1,imgs/products/prod_28.jpg,
Luminária Pública SMD,Luminária 300W DOB,19257,85.0,1,1,imgs/products/prod_29.jpg,
Luminária Pública SMD,Luminária SMD 50W Driver,19311,55.0,1,0,imgs/products/prod_30.jpg,
Luminária Pública SMD,Luminária SMD 100W Driver,19312,75.0,1,0,imgs/products/prod_31.jpg,
Luminária Pública SMD,Luminária SMD 150W Driver,19313,105.0,1,0,imgs/products/prod_32.jpg,
Luminária Pública SMD,Luminária SMD 200W Driver,19314,140.0,1,0,imgs/products/prod_33.jpg,
Luminária com Relé,Luminária SMD c/ Relé 50W,19344,50.0,1,0,imgs/products/prod_34.jpg,
Luminária com Relé,Luminária SMD c/ Relé 100W,19345,60.0,0,0,imgs/products/prod_35.jpg,
Luminária com Relé,Luminária SMD c/ Relé 150W,19346,78.0,0,0,imgs/products/prod_36.jpg,
Luminária com Relé,Luminária SMD c/ Relé 200W,19347,102.0,0,0,imgs/products/prod_37.jpg,
Luminária com Relé,Luminária SMD c/ Relé 300W,19348,128.0,1,0,,
Luminária com Relé,Luminária COB c/ Relé 50W,19340,55.0,1,0,imgs/products/prod_39.jpg,
Luminária com Relé,Luminária COB c/ Relé 100W,19341,80.0,1,0,imgs/products/prod_40.jpg,
Luminária com Relé,Luminária COB c/ Relé 150W,19342,105.0,1,0,imgs/products/prod_41.jpg,
Luminária com Relé,Luminária COB c/ Relé 200W,19343,125.0,1,0,imgs/products/prod_42.jpg,
Luminária COB,Luminária COB 50W,19103,35.0,1,0,imgs/products/prod_43.jpg,
Luminária COB,Luminária COB 100W,19104,90.0,1,0,imgs/products/prod_44.jpg,
Luminária COB,Luminária COB 150W,19105,120.0,1,0,imgs/products/prod_45.jpg,
Luminária COB,Luminária COB 200W,19106,145.0,1,0,imgs/products/prod_46.jpg,
Luminária COB,Luminária COB 50W,18093,55.0,1,1,imgs/products/prod_47.jpg,
Luminária COB,Luminária COB 100W,18094,99.0,1,1,imgs/products/prod_48.jpg,
Luminária COB,Luminária COB 150W,18095,135.0,1,1,imgs/products/prod_49.jpg,
Luminária COB,Luminária COB 200W,18096,155.0,1,1,imgs/products/prod_50.jpg,
Luminária Pública SMD,Luminária SMD 50W BF-70%,19160,35.0,1,0,imgs/products/prod_51.jpg,
Luminária Pública SMD,Luminária SMD 100W BF-50%,19161,46.0,1,0,imgs/products/prod_52.jpg,
Luminária Pública SMD,Luminária SMD 150W BF-75%,19162,65.0,1,0,imgs/products/prod_53.jpg,
Luminária Pública SMD,Luminária SMD 200W BF-75%,19163,95.0,1,0,imgs/products/prod_54.jpg,
Luminária Pública SMD,Luminária SMD 300W BF-75%,19164,115.0,1,0,imgs/products/prod_55.jpg,
Luminária Pública SMD,Luminária SMD 300W BF-50%,18070,60.0,1,1,imgs/products/prod_56.jpg,
Luminária Pública SMD,Luminária SMD 400W BF-50%,19140/19104,85.0,1,1,imgs/products/prod_57.jpg,
Mini Luminária,Mini Luminária SMD 30W,19584,23.0,1,0,imgs/products/prod_58.jpg,
Mini Luminária,Mini Luminária SMD 50W,19585,30.0,1,0,imgs/products/prod_59.jpg,
Mini Luminária,Mini Luminária SMD 100W,19586,42.0,1,0,imgs/products/prod_60.jpg,
Mini Luminária,Mini Luminária SMD 150W,19587,55.0,1,0,imgs/products/prod_61.jpg,
Mini Luminária,Mini Luminária SMD 200W,19588,70.0,1,0,imgs/products/prod_62.jpg,
Mini Luminária,Mini Luminária SMD 30W,19642,22.0,1,0,imgs/products/prod_63.jpg,
Mini Luminária,Mini Luminária SMD 50W,19643,29.0,1,0,imgs/products/prod_64.jpg,
Mini Luminária,Mini Luminária SMD 100W,19644,42.0,1,0,imgs/products/prod_65.jpg,
Mini Luminária,Mini Luminária SMD 150W,19645,58.0,1,0,imgs/products/prod_66.jpg,
Mini Luminária,Mini Luminária SMD 200W,19646,72.0,1,0,imgs/products/prod_67.jpg,
Mini Luminária,Mini Luminária COB 50W,19266,35.0,1,0,imgs/products/prod_68.jpg,
Mini Luminária,Mini Luminária COB 100W,19267,65.0,1,0,,
Mini Luminária,Mini Luminária COB 150W,19268,85.0,0,0,imgs/products/prod_70.jpg,
Mini Luminária,Mini Luminária COB 200W,19269,100.0,1,0,imgs/products/prod_71.jpg,
Mini Luminária,Mini Luminária COB 250W,19444,135.0,1,0,imgs/products/prod_72.jpg,
Mini Luminária,Mini Luminária COB 300W,19445,160.0,1,0,imgs/products/prod_73.jpg,
Mini Luminária,Mini Luminária COB 50W 4000K,19436,35.0,1,0,imgs/products/prod_74.jpg,
Mini Luminária,Mini Luminária COB 50W BQ,19437,35.0,1,0,imgs/products/prod_75.jpg,
Mini Luminária,Mini Luminária COB 100W 4000K,19438,65.0,0,0,imgs/products/prod_76.jpg,
Mini Luminária,Mini Luminária COB 100W BQ,19439,65.0,0,0,imgs/products/prod_77.jpg,
Mini Luminária,Mini Luminária COB 150W 4000K,19440,85.0,1,0,imgs/products/prod_78.jpg,
Mini Luminária,Mini Luminária COB 150W BQ,19441,85.0,1,0,imgs/products/prod_79.jpg,
Mini Luminária,Mini Luminária COB 200W 4000K,19442,100.0,1,0,imgs/products/prod_80.jpg,
Mini Luminária,Mini Luminária COB 200W BQ,19443,100.0,1,0,imgs/products/prod_81.jpg,
Luminária com Relé,Luminária SMD Relé 50W DOB,19508,40.0,1,0,imgs/products/prod_82.jpg,
Luminária com Relé,Luminária SMD Relé 100W DOB,19509,65.0,1,0,imgs/products/prod_83.jpg,
Luminária com Relé,Luminária SMD Relé 150W DOB,19510,85.0,1,0,imgs/products/prod_84.jpg,
Luminária com Relé,Luminária SMD Relé 200W DOB,19511,105.0,0,0,imgs/products/prod_85.jpg,
Luminária Pública SMD,Luminária SMD 30W,19545,25.0,1,0,imgs/products/prod_86.jpg,
Luminária Pública SMD,Luminária SMD 50W,19546,32.0,1,0,imgs/products/prod_87.jpg,
Luminária Pública SMD,Luminária SMD 100W,19547,43.0,1,0,imgs/products/prod_88.jpg,
Luminária Pública SMD,Luminária SMD 150W,19548,60.0,1,0,imgs/products/prod_89.jpg,
Luminária Pública SMD,Luminária SMD 200W,19549,75.0,1,0,imgs/products/prod_90.jpg,
Luminária Pública SMD,Luminária SMD 300W,19550,95.0,1,0,imgs/products/prod_91.jpg,
Luminária Pública SMD,Luminária SMD 50W,19474,32.0,1,0,imgs/products/prod_92.jpg,
Luminária Pública SMD,Luminária SMD 100W,19475,50.0,1,0,imgs/products/prod_93.jpg,
Luminária Pública SMD,Luminária SMD 150W,19476,65.0,1,0,imgs/products/prod_94.jpg,
Luminária Pública SMD,Luminária SMD 200W,19477,85.0,1,0,imgs/products/prod_95.jpg,
Luminária Solar,Luminária Solar 50W,22307,55.0,1,1,imgs/products/prod_96.jpg,
Luminária Solar,Luminária Solar 100W,22304,75.0,1,1,imgs/products/prod_97.jpg,
Solar Slim,Luminária Sola Slim 200W,19498,65.0,1,0,imgs/products/prod_98.jpg,
Solar Slim,Luminária Sola Slim 300W,19499,85.0,1,0,imgs/products/prod_99.jpg,
Solar Slim,Luminária Sola Slim 400W,19500,105.0,1,0,imgs/products/prod_100.jpg,
Solar Slim,Luminária Sola Slim 500W,19501,120.0,1,0,imgs/products/prod_101.jpg,
Solar Slim,Luminária Sola Slim 600W,19502,145.0,1,0,imgs/products/prod_102.jpg,
Solar Slim,Luminária Sola Slim 800W,19503,185.0,1,0,imgs/products/prod_103.jpg,
Solar Slim,Luminária Sola Slim 1000W,19504,220.0,1,0,imgs/products/prod_104.jpg,
Solar Slim,Luminária Sola Slim 200W,19523,65.0,1,0,imgs/products/prod_105.jpg,
Solar Slim,Luminária Sola Slim 300W,19524,80.0,1,0,imgs/products/prod_106.jpg,
Solar Slim,Luminária Sola Slim 400W,19525,110.0,1,0,imgs/products/prod_107.jpg,
Solar Slim,Luminária Sola Slim 500W,19526,130.0,1,0,imgs/products/prod_108.jpg,
Solar Slim,Luminária Sola Slim 400W,19623,70.0,1,0,imgs/products/prod_109.jpg,
Solar Slim,Luminária Sola Slim 600W,19624,85.0,1,0,imgs/products/prod_110.jpg,
Solar Slim,Luminária Sola Slim 400W,19625,85.0,1,0,imgs/products/prod_111.jpg,
Solar Slim,Luminária Sola Slim 600W,19626,105.0,1,0,imgs/products/prod_112.jpg,
Solar Slim,Luminária Sola Slim 800W,19627,125.0,1,0,imgs/products/prod_113.jpg,
Solar Slim,Luminária Sola Slim 1000W,19628,145.0,1,0,imgs/products/prod_114.jpg,
Solar Slim,Luminária Sola Slim 400W,19629,165.0,1,0,imgs/products/prod_115.jpg,
Solar Slim,Luminária Sola Slim 600W,19630,195.0,1,0,imgs/products/prod_116.jpg,
Solar Slim,Luminária Sola Slim 1000W,19631,225.0,1,0,imgs/products/prod_117.jpg,
UFO High Bay,UFO High Bay 100W,18011,50.0,1,0,imgs/products/prod_118.jpg,
UFO High Bay,UFO High Bay 150W,18012,85.0,1,0,imgs/products/prod_119.jpg,
UFO High Bay,UFO High Bay 200W,18013,110.0,1,0,imgs/products/prod_120.jpg,
UFO High Bay,UFO High Bay 200W,19574,110.0,1,0,imgs/products/prod_121.jpg,
UFO High Bay,UFO 100W,18077,60.0,1,0,imgs/products/prod_122.jpg,
UFO High Bay,UFO 150W,18078,90.0,1,0,imgs/products/prod_123.jpg,
UFO High Bay,UFO 200W,18079,110.0,0,0,imgs/products/prod_124.jpg,
UFO High Bay,UFO Slim High Bay 100W,19447,45.0,0,0,imgs/products/prod_125.jpg,
UFO High Bay,UFO Slim High Bay 150W,19448,60.0,1,0,imgs/products/prod_126.jpg,
UFO High Bay,UFO Slim High Bay 200W,19449,75.0,1,0,imgs/products/prod_127.jpg,
UFO High Bay,UFO Slim 60W,19473,30.0,0,0,imgs/products/prod_128.jpg,
UFO High Bay,UFO Slim 100W,19133/19461,45.0,0,0,imgs/products/prod_129.jpg,
UFO High Bay,UFO Slim 200W,19134/19462,60.0,0,0,imgs/products/prod_130.jpg,
UFO High Bay,UFO Slim 300W,19135/19463,80.0,0,0,imgs/products/prod_131.jpg,
UFO High Bay,UFO Slim 400W,19136/19464,110.0,0,0,imgs/products/prod_132.jpg,
UFO High Bay,UFO 100W,19589,40.0,0,0,imgs/products/prod_133.jpg,
UFO High Bay,UFO 150W,19590,50.0,0,0,imgs/products/prod_134.jpg,
UFO High Bay,UFO 200W,19591,70.0,0,0,imgs/products/prod_135.jpg,
Refletor Modular,Refletor Modular 50W,19124,45.0,0,0,imgs/products/prod_136.jpg,
Refletor Modular,Refletor Modular 100W,19125,90.0,0,0,,
Refletor Modular,Refletor Modular 150W,19126,135.0,0,0,imgs/products/prod_138.jpg,
Refletor Modular,Refletor Modular 200W,19127,170.0,1,0,,
Refletor Modular,Refletor Modular 250W,19128,220.0,1,0,imgs/products/prod_140.jpg,
Refletor Modular,Refletor Modular 300W,19129,285.0,1,0,imgs/products/prod_141.jpg,
Refletor Modular,Refletor Modular 400W,19130,380.0,1,0,imgs/products/prod_142.jpg,
Refletor Modular,Refletor Modular 500W,19131,460.0,1,0,imgs/products/prod_143.jpg,
Refletor Modular,Refletor Modular 600W,19132,560.0,1,0,imgs/products/prod_144.jpg,
Refletor Modular,Refletor Modular 50W,LK-E 50W-19677,30.0,1,0,imgs/products/prod_145.jpg,
Refletor Modular,Refletor Modular 100W,LK-E 100W-19678,58.0,1,0,imgs/products/prod_146.jpg,
Refletor Modular,Refletor Modular 150W,LK-E 150W-19679,88.0,1,0,imgs/products/prod_147.jpg,
Refletor Modular,Refletor Modular 200W,LK-E 200W-19680,118.0,1,0,imgs/products/prod_148.jpg,
Refletor Modular,Refletor Modular 250W,LK-E 250W-19681,155.0,1,0,imgs/products/prod_149.jpg,
Refletor Modular,Refletor Modular 300W,LK-E 300W-19682,195.0,1,0,imgs/products/prod_150.jpg,
Refletor Modular,Refletor Modular 400W,LK-E 400W-19683,240.0,1,0,imgs/products/prod_151.jpg,
Refletor Modular,Refletor Modular 500W,19684,290.0,1,0,imgs/products/prod_152.jpg,
Refletor Modular,Refletor Modular 600W,19685,340.0,0,0,imgs/products/prod_153.jpg,
Refletor Modular,Refletor Modular 50W BF,19102,19.0,1,1,imgs/products/prod_154.jpg,
Refletor Modular,Refletor Modular 50W Roxo,19298,32.0,1,1,imgs/products/prod_155.jpg,
Refletor Modular,Refletor Modular 50W BF,10052,30.0,0,0,imgs/products/prod_156.jpg,
Refletor Modular,Refletor Modular 50W Rosa,19297,30.0,0,0,imgs/products/prod_157.jpg,
Refletor Modular,Refletor Modular 50W BQ,19292,30.0,0,0,imgs/products/prod_158.jpg,
Refletor Modular,Refletor Modular 50W Vermelho,19293,30.0,1,0,imgs/products/prod_159.jpg,
Refletor Modular,Refletor Modular 50W Verde,19294,30.0,0,0,imgs/products/prod_160.jpg,
Refletor Modular,Refletor Modular 50W Azul,19295,30.0,0,0,imgs/products/prod_161.jpg,
Refletor Modular,Refletor Modular 50W Amarelo,19296,30.0,1,0,imgs/products/prod_162.jpg,
Refletor Modular,Refletor Modular 100W BF,18076,18.0,1,1,imgs/products/prod_163.jpg,
Refletor Modular,Refletor Modular 50W BF,22309,35.0,1,0,imgs/products/prod_164.jpg,
Refletor Modular,Refletor Modular 100W BF,22309-2,75.0,1,0,imgs/products/prod_165.jpg,
Refletor Mudoula,Refletor Mudoula 100W,19258,40.0,1,0,imgs/products/prod_166.jpg,
Refletor Mudoula,Refletor Mudoula 150W,19259,55.0,1,0,imgs/products/prod_167.jpg,
Refletor Mudoula,Refletor Mudoula 200W,19260,68.0,1,0,imgs/products/prod_168.jpg,
Refletor Mudoula,Refletor Mudoula 300W,19261,90.0,1,0,imgs/products/prod_169.jpg,
Refletor Mudoula,Refletor Mudoula 200W,19262,80.0,1,0,imgs/products/prod_170.jpg,
Refletor Mudoula,Refletor Mudoula 300W,19263,105.0,1,0,imgs/products/prod_171.jpg,
Refletor Mudoula,Refletor Mudoula 400W,19264,135.0,0,0,imgs/products/prod_172.jpg,
Refletor Mudoula,Refletor Mudoula 600W,19265,165.0,1,0,imgs/products/prod_173.jpg,
Refletor Solar,Refletor RGB Solar,T8300,80.0,1,0,imgs/products/prod_174.jpg,
Refletor Solar,Refletor RGB Solar,19336,55.0,1,1,imgs/products/prod_175.jpg,
Refletor Solar,Refletor RGB Solar,19337,75.0,1,1,imgs/products/prod_176.jpg,
Refletor Solar,Refletor Solar 100W,19114,75.0,1,1,imgs/products/prod_177.jpg,
Refletor Solar,Refletor Solar 200W,19115,99.0,1,1,imgs/products/prod_178.jpg,
Refletor Solar,Refletor Solar 300W,19116,129.0,1,1,imgs/products/prod_179.jpg,
Refletor Solar,Refletor Solar 100W,19111,75.0,1,1,imgs/products/prod_180.jpg,
Refletor Solar,Refletor Solar 200W,19112,99.0,0,1,imgs/products/prod_181.jpg,
Refletor Solar,Refletor Solar 400W,19118,105.0,1,1,imgs/products/prod_182.jpg,
Refletor Solar,Refletor Sola 100W,19478,48.0,1,0,imgs/products/prod_183.jpg,
Refletor Solar,Refletor Sola 200W,19479,60.0,1,0,imgs/products/prod_184.jpg,
Refletor Solar,Refletor Sola 300W,19480,85.0,1,0,imgs/products/prod_185.jpg,
Refletor Solar,Refletor Sola 500W,19481,125.0,1,0,imgs/products/prod_186.jpg,
Refletor Solar,Refletor Sola 800W,19482,155.0,1,0,imgs/products/prod_187.jpg,
Refletor Solar,Refletor Sola 1000W,19483,175.0,0,0,imgs/products/prod_188.jpg,
Refletor Solar,Refletor Sola 50W,19484,35.0,1,0,imgs/products/prod_189.jpg,
Refletor Solar,Refletor Sola 100W,19485,40.0,1,0,imgs/products/prod_190.jpg,
Refletor Solar,Refletor Sola 200W,19486,50.0,1,0,imgs/products/prod_191.jpg,
Refletor Solar,Refletor Sola 400W,19487,60.0,1,0,imgs/products/prod_192.jpg,
Refletor Solar,Refletor Sola 50W,19488,25.0,1,0,imgs/products/prod_193.jpg,
Refletor Solar,Refletor Sola 100W,19489,30.0,1,0,imgs/products/prod_194.jpg,
Refletor Solar,Refletor Sola 200W,19490,35.0,1,0,imgs/products/prod_195.jpg,
Refletor Solar,Refletor Sola 400W,19491,45.0,1,0,imgs/products/prod_196.jpg,
Refletor Solar,Refletor Sola 200W,19492,42.0,1,0,imgs/products/prod_197.jpg,
Refletor Solar,Refletor Sola 300W,19493,52.0,1,0,imgs/products/prod_198.jpg,
Refletor Solar,Refletor Sola 500W,19494,65.0,0,0,imgs/products/prod_199.jpg,
Refletor Solar,Refletor Sola 800W,19495,80.0,1,0,imgs/products/prod_200.jpg,
Refletor Solar,Refletor Sola 1000W,19496,95.0,1,0,imgs/products/prod_201.jpg,
Refletor Solar,Refletor Sola 1200W,19497,120.0,1,0,imgs/products/prod_202.jpg,
Refletor Solar,Refletor Sola 300W,19665,58.0,1,0,imgs/products/prod_203.jpg,
Refletor Solar,Refletor Sola 400W,19666,75.0,1,0,imgs/products/prod_204.jpg,
Refletor Solar,Refletor Sola 500W,19667,95.0,1,0,imgs/products/prod_205.jpg,
Refletor Solar,Refletor Sola 50W,19632,42.0,1,0,imgs/products/prod_206.jpg,
Refletor Solar,Refletor Sola 100W,19633,52.0,1,0,imgs/products/prod_207.jpg,
Refletor Solar,Refletor Sola 200W,19634,65.0,1,0,imgs/products/prod_208.jpg,
Refletor Solar,Refletor Sola 300W,19635,90.0,1,0,imgs/products/prod_209.jpg,
Refletor Solar,Refletor Sola 500W,19636,115.0,1,0,imgs/products/prod_210.jpg,
Refletor Solar,Refletor Sola 50W 3 Cor,19637,45.0,1,0,imgs/products/prod_211.jpg,
Refletor Solar,Refletor Sola 100W 3 Cor,19638,55.0,1,0,imgs/products/prod_212.jpg,
Refletor Solar,Refletor Sola 200W 3 Cor,19639,70.0,1,0,imgs/products/prod_213.jpg,
Refletor Solar,Refletor Sola 300W 3 Cor,19640,100.0,1,0,imgs/products/prod_214.jpg,
Refletor Solar,Refletor Sola 500W 3 Cor,19641,120.0,1,0,imgs/products/prod_215.jpg,
Refletor Solar,Refletor Sola 200W,19617,60.0,1,0,imgs/products/prod_216.jpg,
Refletor Solar,Refletor Sola 300W,19618,80.0,1,0,imgs/products/prod_217.jpg,
Refletor Solar,Refletor Sola 500W,19619,105.0,1,0,imgs/products/prod_218.jpg,
Refletor Solar,Refletor Sola 800W,19620,130.0,1,0,imgs/products/prod_219.jpg,
Refletor Solar,Refletor Sola 1000W,19621,160.0,1,0,imgs/products/prod_220.jpg,
Refletor Solar,Refletor Sola 1500W,19622,190.0,0,0,imgs/products/prod_221.jpg,
Refletor Diversos,Refletor Mini RGB 50W,19319,26.0,1,0,imgs/products/prod_222.jpg,
Refletor Diversos,Refletor Mini RGB 100W,19324,30.0,1,0,imgs/products/prod_223.jpg,
Refletor Diversos,Refletor Mini RGB 200W,18094,35.0,1,1,imgs/products/prod_224.jpg,
Refletor Diversos,Refletor LED BF 30W,19218,10.0,1,0,imgs/products/prod_225.jpg,
Refletor Diversos,Refletor LED Mini 50W,18005,11.0,1,0,imgs/products/prod_226.jpg,
Refletor Diversos,Refletor LED Mini 800W,19225,90.0,1,0,imgs/products/prod_227.jpg,
Refletor Diversos,Refletor LED Mini 600W BF-50%,18010,90.0,1,0,imgs/products/prod_228.jpg,
Refletor Diversos,Refletor Azul 50W,19317-19146,16.0,1,0,imgs/products/prod_229.jpg,
Refletor Diversos,Refletor Vermelho 50W,19315,16.0,1,0,imgs/products/prod_230.jpg,
Refletor Diversos,Refletor BQ 50W,19318,16.0,0,0,imgs/products/prod_231.jpg,
Refletor Diversos,Refletor Azul 100W,19322-19150,19.0,0,0,imgs/products/prod_232.jpg,
Refletor Diversos,Refletor 200W BQ,19328,30.0,1,0,imgs/products/prod_233.jpg,
Refletor Diversos,Refletor Azul 200W,19327,30.0,1,0,imgs/products/prod_234.jpg,
Refletor Diversos,Refletor 300W BQ,19465,35.0,1,0,imgs/products/prod_235.jpg,
Refletor Diversos,Refletor Vermelho 300W,19468,35.0,1,0,imgs/products/prod_236.jpg,
Refletor Diversos,Refletor Verde 300W,19466,35.0,1,0,imgs/products/prod_237.jpg,
Refletor Diversos,Refletor Azul 300W,19467,35.0,1,0,imgs/products/prod_238.jpg,
Refletor Diversos,Refletor 400W BQ,19469,45.0,1,0,imgs/products/prod_239.jpg,
Refletor Diversos,Refletor Vermelho 400W,19472,45.0,1,0,imgs/products/prod_240.jpg,
Refletor Diversos,Refletor Verde 400W,19470,45.0,1,0,imgs/products/prod_241.jpg,
Refletor Diversos,Refletor Azul 400W,19471,45.0,1,0,imgs/products/prod_242.jpg,
Refletor Diversos,Refletor Luz Negra 100W,19686,20.0,1,0,imgs/products/prod_243.jpg,
Refletor Diversos,Refletor Luz Negra 200W,19687,28.0,1,0,imgs/products/prod_244.jpg,
Refletor Diversos,Refletor Luz Negra 300W,19689,38.0,1,0,imgs/products/prod_245.jpg,
Refletor Diversos,Refletor Luz Negra 50W,19141,25.0,1,0,imgs/products/prod_246.jpg,
Refletor Diversos,Refletor Luz Negra 200W,19143,55.0,1,0,imgs/products/prod_247.jpg,
Refletor Diversos,Refletor Luz Negra 30W,30010,11.0,1,1,imgs/products/prod_248.jpg,
Pendente,Pendente Prata FPR-001,FPR-001,300.0,1,0,imgs/products/prod_249.jpg,
Pendente,Pendente Preto FPR-002,FPR-002,300.0,1,0,imgs/products/prod_250.jpg,
Pendente,Pendente Preto/Branco FPR-003,FPR-003,300.0,1,0,imgs/products/prod_251.jpg,
Pendente,Pendente DD-7,DD-7,60.0,1,0,,
Pendente,Pendente,19249,60.0,1,0,imgs/products/prod_253.jpg,
Pendente,Pendente Alumínio BD-1,BD-1,65.0,1,0,,
Pendente,Pendente,19248,50.0,1,0,imgs/products/prod_255.jpg,
Pendente,Pendente DD-1,DD-1,50.0,1,0,,
Pendente,Pendente DD-7 (LP96),19250,50.0,1,0,imgs/products/prod_257.jpg,
Pendente,Pendente,19247,50.0,1,0,imgs/products/prod_258.jpg,
Pendente,Pendente DD-2,DD-2,45.0,1,0,,
Pendente,Pendente DD-3,DD-3,50.0,1,0,,
Pendente,Pendente Prata DD-9,DD-9,60.0,1,0,,
Pendente,Pendente Dourado Plástico,19693,45.0,1,0,imgs/products/prod_262.jpg,
Pendente,Pendente Plástico BD-1PVC,BD-1PVC,50.0,1,0,,
Pendente,Pendente DD-6,DD-6,50.0,1,0,,
Pendente,Pendente DD-8,DD-8,50.0,1,0,,
Pendente,Pendente DD-5,DD-5,50.0,1,0,,
Pendente,Pendente,19246,45.0,1,0,imgs/products/prod_267.jpg,
Pendente,Pendente,19676,70.0,0,0,imgs/products/prod_268.jpg,
Pendente,Pendente,19694,50.0,1,0,imgs/products/prod_269.jpg,
Pendente,Pendente Preto,19647,55.0,1,0,imgs/products/prod_270.jpg,
Pendente,Pendente Preto,19648,58.0,1,0,imgs/products/prod_271.jpg,
Pendente,Pendente Preto,19649,65.0,1,0,imgs/products/prod_272.jpg,
Pendente,Pendente Preto,19650,75.0,1,0,imgs/products/prod_273.jpg,
Pendente,Pendente Corda MS-2M2P,MS-2M2P,29.0,1,1,,
Pendente,Pendente Corda MS-1M2P,MS-1M2P,15.0,1,1,,
Embutir,Embutir Quadrado 36x36,62011,22.0,1,1,imgs/products/prod_276.jpg,
Spot,Spot Trilho 9W (3un),17716,4.0,1,1,imgs/products/prod_277.jpg,
Spot,Spot Triplo 15W (3un),17717,6.0,1,1,imgs/products/prod_278.jpg,
Spot,Spot Redondo 5W BF,19535,2.6,1,0,imgs/products/prod_279.jpg,
Spot,Spot Redondo 5W BQ,19536,2.6,1,0,imgs/products/prod_280.jpg,
Spot,Spot Quadrado 5W BF,19537,2.6,1,0,imgs/products/prod_281.jpg,
Spot,Spot Quadrado 5W BQ,19538,2.6,1,0,imgs/products/prod_282.jpg,
Spot,Spot Redondo 7W BF,19539,2.8,0,0,imgs/products/prod_283.jpg,
Spot,Spot Redondo 7W BQ,19540,2.8,0,0,imgs/products/prod_284.jpg,
Spot,Spot Quadrado 7W BF,19541,2.8,0,0,imgs/products/prod_285.jpg,
Spot,Spot Quadrado 7W BQ,19542,2.8,0,0,imgs/products/prod_286.jpg,
Spot,Spot Quadrado 5W BF (preto),19659,2.6,1,0,imgs/products/prod_287.jpg,
Spot,Spot Quadrado 5W BQ (preto),19660,2.6,1,0,imgs/products/prod_288.jpg,
Spot,Spot Redondo 5W BF (preto),19657,2.6,1,0,imgs/products/prod_289.jpg,
Spot,Spot Redondo 5W BQ (preto),19658,2.6,0,0,imgs/products/prod_290.jpg,
Spot,Spot Quadrado 7W BF (preto),19663,2.8,1,0,imgs/products/prod_291.jpg,
Spot,Spot Quadrado 7W BQ (preto),19664,2.8,1,0,imgs/products/prod_292.jpg,
Spot,Spot Redondo 7W BF (preto),19661,2.8,0,0,imgs/products/prod_293.jpg,
Spot,Spot Redondo 7W BQ (preto),19662,2.8,0,0,imgs/products/prod_294.jpg,
Spot Embutir Piso,Spot LED Embutir 1 Facho,19566,9.0,1,0,imgs/products/prod_295.jpg,
Spot Embutir Piso,Spot LED Embutir 2 Fachos,19567,10.0,1,0,imgs/products/prod_296.jpg,
Spot Embutir Piso,Spot LED Embutir 3 Fachos,19568,11.0,1,0,imgs/products/prod_297.jpg,
Spot Embutir Piso,Spot LED Embutir 4 Fachos,DMD-MGT-4T-P,12.0,1,0,,
Spot Embutir Piso,Spot LED Embutir 1 Facho,19570,9.0,1,0,imgs/products/prod_299.jpg,
Spot Embutir Piso,Spot LED Embutir 2 Fachos,19571,10.0,1,0,imgs/products/prod_300.jpg,
Spot Embutir Piso,Spot LED Embutir 3 Fachos,19572,11.0,1,0,imgs/products/prod_301.jpg,
Spot Embutir Piso,Spot LED Embutir 4 Fachos,DMD-MGT-4T-B,12.0,1,0,,
Trilho,Trilho 7W Preto/Branco Slim,19400-19405,5.0,1,0,imgs/products/prod_303.jpg,
Trilho,Trilho 10W Preto/Branco Slim,19406-19411,6.0,1,0,imgs/products/prod_304.jpg,
Trilho,Trilho 15W Preto/Branco Slim,19412-19417,7.0,1,0,imgs/products/prod_305.jpg,
Trilho,Trilho 20W Preto/Branco Slim,19418-19423,8.0,1,0,imgs/products/prod_306.jpg,
Trilho,Trilho 30W Preto/Branco Slim,19424-19429,9.0,1,0,imgs/products/prod_307.jpg,
Trilho,Spot de Trilho 7W Preto,GDD-7W BN-P,8.0,0,0,,
Trilho,Spot de Trilho 7W Branco,19229/GDD-7W BQ-B,7.0,1,0,imgs/products/prod_309.jpg,
Trilho,Spot Trilho 10W Preto,19230/GDD-10W BF-P,8.0,1,0,imgs/products/prod_310.jpg,
Trilho,Spot de Trilho 10W Branco,19232/GDD-10W BF-B,8.0,1,0,imgs/products/prod_311.jpg,
Trilho,Spot de Trilho 15W Preto,GDD-15W BF-P,9.0,1,0,,
Trilho,Spot de Trilho 15W Preto,GDD-15W BN-P,9.0,0,0,,
Trilho,Spot de Trilho 15W Branco,19237/GDD-15W BQ-B,9.0,1,0,imgs/products/prod_314.jpg,
Trilho,Spot de Trilho 15W Branco,19236/GDD-15W BF-B,9.0,1,0,imgs/products/prod_315.jpg,
Trilho,Spot de Trilho 20W Preto,19239/GDD-20W BQ-P,13.0,1,0,imgs/products/prod_316.jpg,
Trilho,Spot de Trilho 20W Branco,19241/GDD-20WBQ-B,13.0,0,0,imgs/products/prod_317.jpg,
Trilho,Spot de Trilho 20W Branco,19240/GDD-20W BF-B,13.0,0,0,imgs/products/prod_318.jpg,
Trilho,Spot de Trilho 30W Branco,19244/GDD-30W BF-B,14.0,1,0,imgs/products/prod_319.jpg,
Trilho,Emenda Reta Preto,EMD-P,2.0,0,0,,
Trilho,Emenda T Preto,EMD-T-P,3.0,1,0,,
Trilho,Emenda T Branco,EMD-T-B,3.0,1,0,,
Trilho,Emenda X Preto,EMD-X-P,4.0,1,0,,
Trilho,Emenda X Branco,EMD-X-B,4.0,1,0,,
Trilho,Trilho 2M Preto,GDT-2M-P,12.0,0,0,,
Trilho,Trilho 1M Preto,19543,5.5,0,0,imgs/products/prod_326.jpg,
Trilho,Trilho 1M Branco,19544,5.5,0,0,imgs/products/prod_327.jpg,
Trilho,Relé,19575,10.0,1,0,imgs/products/prod_328.jpg,
Trilho,Relé,19101,11.0,1,0,imgs/products/prod_329.jpg,
Trilho,Controle para App,YE2228,3.0,1,1,imgs/products/prod_330.jpg,
Fita LED,Fita COB 320D 12V 5M BQ,19605,13.0,1,0,imgs/products/prod_331.jpg,
Fita LED,Fita COB 320D 12V 5M BF,19606,13.0,1,0,imgs/products/prod_332.jpg,
Fita LED,Fita COB 320D 12V 5M BN,19607,13.0,1,0,imgs/products/prod_333.jpg,
Fita LED,Fita COB 320D 12V 10M BQ,19608,25.0,1,0,imgs/products/prod_334.jpg,
Fita LED,Fita COB 320D 12V 10M BF,19609,25.0,1,0,imgs/products/prod_335.jpg,
Fita LED,Fita COB 320D 12V 10M BN,19610,25.0,1,0,imgs/products/prod_336.jpg,
Fita LED,Fita COB 320D 110V 10M BQ,19695,38.0,0,0,imgs/products/prod_337.jpg,
Fita LED,Fita COB 320D 110V 10M BF,19696,38.0,0,0,imgs/products/prod_338.jpg,
Fita LED,Fita COB 320D 110V 10M BN,19697,38.0,0,0,imgs/products/prod_339.jpg,
Fita LED,Neon Flex (várias cores),NEON-50,12.0,1,0,,
Fita LED,Fita 2811-60D-IP65,2811-60D-IP65,32.0,1,1,imgs/products/prod_341.jpg,
Fita LED,Fita 2811-60D-IP20 preto,19604,35.0,1,0,imgs/products/prod_342.jpg,
Fita LED,Fita 3528-240D-BF-127V (duplo),3528-240D-BF-127V,32.0,1,0,imgs/products/prod_343.jpg,
Fita LED,Fita 3528-240D-BN-127V (duplo),3528-240D-BN-127V,32.0,1,0,imgs/products/prod_344.jpg,
Fita LED,Fita 3528-240D-BQ-127V,19598,32.0,1,0,imgs/products/prod_345.jpg,
Fita LED,Fita 3528-240D-BF-127V,19599,32.0,1,0,imgs/products/prod_346.jpg,
Fita LED,Fita 3528-240D-BN-127V,19600,32.0,1,0,imgs/products/prod_347.jpg,
Fita LED,Fita 3528-240D-BQ-220V,19601,32.0,1,0,imgs/products/prod_348.jpg,
Fita LED,Fita 3528-240D-BF-220V,19602,32.0,1,0,imgs/products/prod_349.jpg,
Fita LED,Fita 3528-240D-BN-220V,19603,32.0,1,0,imgs/products/prod_350.jpg,
Fita LED,Fita 3528-192D-BQ-220V,3528-192D-BQ-220V,29.0,1,1,imgs/products/prod_351.jpg,
Fita LED,Fita 3528-192D-BF-220V,3528-192D-BF-220V,29.0,1,1,imgs/products/prod_352.jpg,
Fita LED,Fita 3528-192D-BF-127V,3528-192D-BF-127V,29.0,1,1,imgs/products/prod_353.jpg,
Fita LED,Fita 3528-192D-BQ-127V,3528-192D-BQ-127V,29.0,1,1,imgs/products/prod_354.jpg,
Fita LED,Fita 3528-192D-BN-127V,3528-192D-BN-127V,29.0,1,1,imgs/products/prod_355.jpg,
Fita LED,Fita 3528-120D BQ-127V,19592,20.0,0,0,imgs/products/prod_356.jpg,
Fita LED,Fita 3528-120D BN-127V,19594,20.0,1,0,imgs/products/prod_357.jpg,
Fita LED,Fita 3528-120D BF-127V,19593,20.0,1,0,imgs/products/prod_358.jpg,
Fita LED,Fita 3528-120D BQ-220V,19595,20.0,0,0,imgs/products/prod_359.jpg,
Fita LED,Fita 3528-120D BN-220V,19597,20.0,1,0,imgs/products/prod_360.jpg,
Fita LED,Fita 3528-120D BF-220V,19596,20.0,1,0,imgs/products/prod_361.jpg,
Fita LED,Fio de Fada Prata 100M/1000LED BQ,19670,65.0,1,0,imgs/products/prod_362.jpg,
Fita LED,Fio de Fada Prata 100M/1000LED RGB,19671,65.0,1,0,imgs/products/prod_363.jpg,
Fita LED,Fio de Fada Verde 100M/1000LED BQ,19672,65.0,1,0,imgs/products/prod_364.jpg,
Fita LED,Fio de Fada Verde 100M/1000LED RGB,19673,65.0,1,0,imgs/products/prod_365.jpg,
Fita LED,Fio de Fada Prata 200M/1000LED BQ,19674,95.0,1,0,imgs/products/prod_366.jpg,
Fita LED,Fio de Fada Prata 200M/1000LED RGB,19675,95.0,1,0,imgs/products/prod_367.jpg,
Perfil Alumínio,Perfil Embutir 1212 (rolo),GJAZ-1212,650.0,1,1,imgs/products/prod_368.jpg,
Perfil Alumínio,Perfil Embutir 3020 (rolo),GJAZ-3020,590.0,1,1,imgs/products/prod_369.jpg,
Perfil Alumínio,Perfil Sobrepor 2020 (rolo),GJMZ-2020,750.0,1,1,imgs/products/prod_370.jpg,
Perfil Alumínio,Perfil Sobrepor 1212 (rolo),GJMZ-1212,750.0,1,1,imgs/products/prod_371.jpg,
Perfil Alumínio,Perfil Sobrepor 3020 (rolo),GJMZ-3020,690.0,1,1,imgs/products/prod_372.jpg,
Perfil Alumínio,Perfil Sobrepor 1010 (rolo),GJMZ-1010,590.0,1,1,imgs/products/prod_373.jpg,
Perfil Alumínio,Perfil Embutir 2020 (rolo),GJAZ-2020,790.0,1,1,imgs/products/prod_374.jpg,
Perfil Alumínio,Perfil 1707 Embutir 2M Preto,19430,7.0,0,0,imgs/products/prod_375.jpg,
Perfil Alumínio,Perfil 1707 Embutir 2M Branco,19431,7.0,0,0,imgs/products/prod_376.jpg,
Perfil Alumínio,Perfil 1707 Sobrepor 2M Preto,19432,7.0,0,0,imgs/products/prod_377.jpg,
Perfil Alumínio,Perfil 1707 Sobrepor 2M Branco,19433,7.0,0,0,imgs/products/prod_378.jpg,
Perfil Alumínio,Perfil 1616 2M Preto,19580,9.0,0,0,imgs/products/prod_379.jpg,
Perfil Alumínio,Perfil 1616 2M Branco,19581,9.0,0,0,imgs/products/prod_380.jpg,
Perfil Alumínio,Perfil 3010 Embutir 2M Preto,19576,15.0,0,0,imgs/products/prod_381.jpg,
Perfil Alumínio,Perfil 3010 Embutir 2M Branco,19577,15.0,0,0,imgs/products/prod_382.jpg,
Perfil Alumínio,Perfil 3010 Sobrepor 2M Preto,19578,15.0,0,0,imgs/products/prod_383.jpg,
Perfil Alumínio,Perfil 3010 Sobrepor 2M Branco,19579,15.0,0,0,imgs/products/prod_384.jpg,
Perfil Alumínio,Perfil 1714 Sobrepor 2M Preto,19518,11.0,0,0,imgs/products/prod_385.jpg,
Perfil Alumínio,Perfil 1714 Sobrepor 2M Branco,19519,11.0,0,0,imgs/products/prod_386.jpg,
Perfil Alumínio,Perfil 1714 Embutir 2M Preto,19516,11.0,0,0,imgs/products/prod_387.jpg,
Perfil Alumínio,Perfil 1714 Embutir 2M Branco,19517,11.0,0,0,imgs/products/prod_388.jpg,
Perfil Alumínio,Perfil 3020 Sobrepor 2M Preto,19514,16.0,0,0,imgs/products/prod_389.jpg,
Perfil Alumínio,Perfil 3020 Sobrepor 2M Branco,19515,16.0,0,0,imgs/products/prod_390.jpg,
Perfil Alumínio,Perfil 3020 Embutir 2M Preto,19512,16.0,0,0,imgs/products/prod_391.jpg,
Perfil Alumínio,Perfil 3020 Embutir 2M Branco,19513,16.0,0,0,imgs/products/prod_392.jpg,
Espeto/Balizador,Esperto Solar BQ,19560,15.0,0,0,imgs/products/prod_393.jpg,
Espeto/Balizador,Esperto Solar Verde,19691,15.0,0,0,imgs/products/prod_394.jpg,
Espeto/Balizador,Esperto Solar BQ (duplo),19561,25.0,1,0,,
Espeto/Balizador,Esperto Solar Verde (duplo),19692,25.0,1,0,imgs/products/prod_396.jpg,
Espeto/Balizador,Esperto 7W BQ,19334,4.5,1,0,,
Espeto/Balizador,Esperto 7W Verde,19333,4.5,1,0,imgs/products/prod_398.jpg,
Espeto/Balizador,Esperto 7W BQ,19205,5.5,1,0,imgs/products/prod_399.jpg,
Espeto/Balizador,Esperto 7W Verde,19206,5.5,1,0,imgs/products/prod_400.jpg,
Espeto/Balizador,Esperto 7W BF,19505,5.5,1,0,imgs/products/prod_401.jpg,
Espeto/Balizador,Esperto 7W Rosa,19308,5.5,1,0,imgs/products/prod_402.jpg,
Espeto/Balizador,Esperto 7W Azul,19307,5.5,0,0,imgs/products/prod_403.jpg,
Espeto/Balizador,Esperto 7W Vermelho,19306,5.5,1,0,imgs/products/prod_404.jpg,
Espeto/Balizador,Esperto 7W BQ,10133,6.0,1,0,imgs/products/prod_405.jpg,
Espeto/Balizador,Esperto 7W Verde,10132,6.0,1,0,imgs/products/prod_406.jpg,
Espeto/Balizador,Esperto 7W Rosa,18002,6.0,1,0,imgs/products/prod_407.jpg,
Espeto/Balizador,Esperto 7W BF,10131,6.0,1,0,imgs/products/prod_408.jpg,
Espeto/Balizador,Esperto 7W Vermelho,18003,6.0,1,0,imgs/products/prod_409.jpg,
Espeto/Balizador,Esperto 7W Verde,19309,6.0,1,0,imgs/products/prod_410.jpg,
Espeto/Balizador,Esperto 7W BQ,19310,6.0,1,0,imgs/products/prod_411.jpg,
Espeto/Balizador,Esperto 9W BF,1103,7.0,1,1,imgs/products/prod_412.jpg,
Espeto/Balizador,Balizador 1W Verde,17719,15.0,1,0,imgs/products/prod_413.jpg,
Espeto/Balizador,Balizador 3W BQ,10005,18.0,1,0,imgs/products/prod_414.jpg,
Espeto/Balizador,Balizador 3W Verde,10004,18.0,1,0,,
Espeto/Balizador,Balizador 3W BF,10006,18.0,1,0,imgs/products/prod_416.jpg,
Espeto/Balizador,Balizador 5W Verde,17723/10008,23.0,1,0,imgs/products/prod_417.jpg,
Espeto/Balizador,Balizador 7W Verde,LP10010,33.0,1,0,imgs/products/prod_418.jpg,
Espeto/Balizador,Balizador 7W BF,BRISA10010,33.0,1,0,imgs/products/prod_419.jpg,
Espeto/Balizador,Balizador 12W BQ,10011,60.0,1,0,,
Espeto/Balizador,Balizador 12W Verde,17727-10012,60.0,1,0,imgs/products/prod_421.jpg,
Espeto/Balizador,Balizador Mini 1W Verde,DMD-1W-VD,8.0,1,0,,
Espeto/Balizador,Balizador Mini 3W BQ,19562,8.0,1,0,imgs/products/prod_423.jpg,
Espeto/Balizador,Balizador Mini 5W BQ,19563,10.0,1,0,imgs/products/prod_424.jpg,
Espeto/Balizador,Balizador Mini 7W BQ,19564,13.0,1,0,imgs/products/prod_425.jpg,
Espeto/Balizador,Balizador Mini 7W Verde,DMD-7W-VD,18.0,1,0,,
Espeto/Balizador,Balizador Mini 12W BQ,19565,18.0,1,0,imgs/products/prod_427.jpg,
Bulbo,Bulbo 80W,19379/19551,25.0,1,0,imgs/products/prod_428.jpg,
Bulbo,Bulbo 100W,19299/19552,35.0,1,0,imgs/products/prod_429.jpg,
Bulbo,Bulbo 150W,19300/19553,45.0,1,0,imgs/products/prod_430.jpg,
Bulbo,Bulbo 200W,19301/19554,55.0,1,0,imgs/products/prod_431.jpg,
Bulbo,Bulbo RGB 30W,19271,15.0,1,0,imgs/products/prod_432.jpg,
Bulbo,Bulbo RGB 40W,19272,20.0,1,0,imgs/products/prod_433.jpg,
Bulbo,Bulbo RGB 60W,19273,25.0,1,0,imgs/products/prod_434.jpg,
Diversos,Luzes de Abóboras,19451,18.0,1,0,imgs/products/prod_435.jpg,
Diversos,Carregador Lâmpada Menor Potência,DC-3821,22.0,1,0,imgs/products/prod_436.jpg,
Diversos,Carregador Lâmpada Menor Potência,DC-3826,23.0,1,0,imgs/products/prod_437.jpg,
Diversos,Luzes de Abóboras 60W,Y-3860,32.0,1,0,imgs/products/prod_438.jpg,
Diversos,Carregador Menor Potência,XK-8030,18.0,1,0,imgs/products/prod_439.jpg,
Diversos,Carregador Alta Potência,XK-6300,38.0,1,0,imgs/products/prod_440.jpg,
Diversos,Carregador Alta Potência,XK-6500,38.0,1,0,imgs/products/prod_441.jpg,
Diversos,Carregador Alta Potência,XK-6280,30.0,1,0,imgs/products/prod_442.jpg,
Diversos,Luz de Emergência 200W,19527,28.0,1,0,imgs/products/prod_443.jpg,
Diversos,Luz de Emergência 300W,19528,35.0,1,0,imgs/products/prod_444.jpg,
Diversos,Luz de Emergência 400W,19529,43.0,1,0,,
Diversos,Suporte 2.1M Preto,SUP-2.1M,23.0,1,0,,
Diversos,Cordão Solar 7M 10 Cabeças,19506,62.0,1,0,imgs/products/prod_447.jpg,
Diversos,Cordão Solar 7M 15 Cabeças,19530,82.0,1,0,imgs/products/prod_448.jpg,
Diversos,Cordão Europeu 7M 10 Cabeças,19458,16.0,1,0,imgs/products/prod_449.jpg,
Diversos,Cordão Europeu 10M 10 Cabeças,19459,20.0,1,0,imgs/products/prod_450.jpg,
Diversos,Cordão Europeu 10M 15 Cabeças,19460,25.0,1,0,imgs/products/prod_451.jpg,
Fonte,Fonte 50A 12V,LP-50A,40.0,0,0,,
Fonte,Fonte 3A 12V,19582,4.5,1,0,imgs/products/prod_453.jpg,
Fonte,Fonte 2A 12V,19531,4.0,1,0,imgs/products/prod_454.jpg,
Fonte,Fonte Slim 12V-5A,19520,7.5,1,0,imgs/products/prod_455.jpg,
Fonte,Fonte Slim 12V-10A,19521,11.0,0,0,imgs/products/prod_456.jpg,
Fonte,Fonte Chaveada 12V-5A,HJG-12V-5A,9.0,1,1,,
Fonte,Fonte Chaveada 12V-10A,HJG-12V-10A,11.0,0,1,,
Fonte,Fonte Chaveada 12V-15A,HJG-12V-15A,11.0,1,1,,
Fonte,Fonte Chaveada 12V-20A,HJG-13V-20A,19.0,1,1,,
Fonte,Fonte Chaveada 12V-30A,HJG-12V-30A,22.0,1,1,,
Diversos,Spot Piscina 18W RGB,WL-001,62.0,1,1,imgs/products/prod_462.jpg,
Diversos,Spot Piscina RGB 18W,WL-002,68.0,1,1,imgs/products/prod_463.jpg,
Arandela,Arandela 6W Preto,DB-SY6W-P,20.0,1,0,,
Arandela,Arandela 6W Branco,BD-SY6W-B,20.0,1,0,,
Arandela,Arandela 12W Preto,19532,10.0,1,0,imgs/products/prod_466.jpg,
Arandela,Arandela 18W Preto,19533,13.0,1,0,imgs/products/prod_467.jpg,
Arandela,Arandela Solar Preto/Branco,TYBD-01P-BQ,9.0,1,0,,
Arandela,Arandela Solar Preto,TYBD-01P-BF,9.0,1,0,,
Diversos,Lâmpada Mata Mosquito,19652,55.0,1,0,imgs/products/prod_470.jpg,
Diversos,Lâmpada Mata Mosquito,19651,45.0,1,0,imgs/products/prod_471.jpg,
Diversos,Lâmpada Mata Mosquito,01926,15.0,1,0,imgs/products/prod_472.jpg,
Diversos,Globo Musical,0851-Q,27.0,1,1,imgs/products/prod_473.jpg,
Lâmpada,Lâmpada G45 3W (cores),19454-19457,2.0,1,0,imgs/products/prod_474.jpg,
Lâmpada,Lâmpada 45W,19252,17.0,1,1,imgs/products/prod_475.jpg,
Lâmpada,Lâmpada 60W,19253,22.0,1,1,imgs/products/prod_476.jpg,
Lâmpada,Lâmpada Musical RGB,0863,32.0,1,1,imgs/products/prod_477.jpg,
Diversos,Musical de Natal,17746,32.0,1,1,imgs/products/prod_478.jpg,
Diversos,Soquete c/ Sensor,10051,9.5,0,0,imgs/products/prod_479.jpg,
Diversos,Soquete c/ Sensor,19690,8.0,1,0,imgs/products/prod_480.jpg,
Diversos,Soquete c/ Sensor,19507,8.5,0,0,imgs/products/prod_481.jpg,
Lâmpada,Lâmpada Luz Roxa 40W 110V,10050,16.0,1,0,imgs/products/prod_482.jpg,
Lâmpada,Lâmpada Luz Roxa 40W 220V,19274,16.0,1,0,imgs/products/prod_483.jpg,
Componentes,Driver SMD 50W,DRV-SMD-50,9.0,0,0,,
Componentes,Driver SMD 100W,DRV-SMD-100,17.0,0,0,imgs/products/prod_485.jpg,
Componentes,Driver SMD 150W,DRV-SMD-150,25.0,0,0,imgs/products/prod_486.jpg,
Componentes,Driver SMD 200W,DRV-SMD-200,31.0,0,0,imgs/products/prod_487.jpg,
Componentes,Chip SMD 50W,CHIP-SMD-50,8.0,1,0,,
Componentes,Chip SMD 100W,CHIP-SMD-100,11.0,0,0,imgs/products/prod_489.jpg,
Componentes,Chip SMD 150W,CHIP-SMD-150,17.0,1,0,imgs/products/prod_490.jpg,
Componentes,Chip SMD 200W,CHIP-SMD-200,23.0,1,0,imgs/products/prod_491.jpg,
Componentes,Acrílico SMD 50W,ACR-SMD-50,5.0,1,0,,
Componentes,Acrílico SMD 100W,ACR-SMD-100,7.0,0,0,imgs/products/prod_493.jpg,
Componentes,Acrílico SMD 150W,ACR-SMD-150,9.0,0,0,imgs/products/prod_494.jpg,
Componentes,Acrílico SMD 200W,ACR-SMD-200,14.0,1,0,imgs/products/prod_495.jpg,
Componentes,Chip COB 50W,CHIP-COB-50,3.0,1,0,,
Diversos,Ventilador Pássaro,1001,2.0,1,0,imgs/products/prod_497.jpg,
Diversos,Ventilador Mini Ar,2036,27.0,1,1,imgs/products/prod_498.jpg,
Diversos,Ventilador Aquecedor,2034,19.0,1,1,imgs/products/prod_499.jpg,
Diversos,Ventilador Circular,801,27.0,1,1,,
Diversos,Ventilador Bolso (kit),2029,14.0,1,1,imgs/products/prod_501.jpg,
Diversos,Ventilador de Mesa,2028,29.0,1,1,imgs/products/prod_502.jpg,
Diversos,Ventilador Umidificador,2038,19.0,1,1,imgs/products/prod_503.jpg,
Diversos,Ventilador USB Hélice,2037,52.0,1,1,imgs/products/prod_504.jpg,
Diversos,Ventilador LED USB,2035,62.0,1,1,imgs/products/prod_505.jpg,
